{"cameraMode":{"drawMode":0,"name":"Shaded","section":"Shading Mode"},"sceneLighting":true,"audioPlay":false,"sceneViewState":{"showFog":true,"showMaterialUpdate":false,"showSkybox":false,"showFlares":true,"showImageEffects":true,"showParticleSystems":true},"in2DMode":false,"pivot":{"x":1.1183555126190186,"y":1.6423444747924805,"z":1.2909977436065674},"rotation":{"x":-0.21749688684940339,"y":0.18031199276447297,"z":-0.04133155941963196,"w":-0.9584667682647705},"size":2.8654613494873049,"orthographic":false}