{"cameraMode":{"drawMode":0,"name":"Shaded","section":"Shading Mode"},"sceneLighting":true,"audioPlay":false,"sceneViewState":{"showFog":true,"showMaterialUpdate":false,"showSkybox":false,"showFlares":true,"showImageEffects":true,"showParticleSystems":true},"in2DMode":false,"pivot":{"x":-0.3607356548309326,"y":0.05019944906234741,"z":0.6535164713859558},"rotation":{"x":0.1232820600271225,"y":-0.6254645586013794,"z":0.1012754738330841,"w":0.7638814449310303},"size":1.0071985721588135,"orthographic":false}