{"cameraMode":{"drawMode":0,"name":"Shaded","section":"Shading Mode"},"sceneLighting":true,"audioPlay":false,"sceneViewState":{"showFog":true,"showMaterialUpdate":false,"showSkybox":false,"showFlares":true,"showImageEffects":true,"showParticleSystems":true},"in2DMode":false,"pivot":{"x":-0.14587926864624024,"y":31.616390228271486,"z":-1.8462198972702027},"rotation":{"x":0.09516223520040512,"y":-0.7219506502151489,"z":0.10138562321662903,"w":0.6778485178947449},"size":1.3069803714752198,"orthographic":false}