{"cameraMode":{"drawMode":0,"name":"Shaded","section":"Shading Mode"},"sceneLighting":false,"audioPlay":false,"sceneViewState":{"showFog":true,"showMaterialUpdate":false,"showSkybox":false,"showFlares":true,"showImageEffects":true,"showParticleSystems":true},"in2DMode":false,"pivot":{"x":0.1900731325149536,"y":0.03764927387237549,"z":0.6137475967407227},"rotation":{"x":-0.11982974410057068,"y":0.5712136030197144,"z":-0.08476952463388443,"w":-0.8076174259185791},"size":1.0766050815582276,"orthographic":false}